/* Insertar ciudades */

INSERT INTO CONCE_CIUDAD (NOMBRE)
VALUES ('Alicante');
INSERT INTO CONCE_CIUDAD (NOMBRE)
VALUES ('Murcia');
INSERT INTO CONCE_CIUDAD (NOMBRE)
VALUES ('Madrid');
INSERT INTO CONCE_CIUDAD (NOMBRE)
VALUES ('Barcelona');
INSERT INTO CONCE_CIUDAD (NOMBRE)
VALUES ('Ibiza');
INSERT INTO CONCE_CIUDAD (NOMBRE)
VALUES ('Petrer');
INSERT INTO CONCE_CIUDAD (NOMBRE)
VALUES ('Monóvar');
INSERT INTO CONCE_CIUDAD (NOMBRE)
VALUES ('Elda');
INSERT INTO CONCE_CIUDAD (NOMBRE)
VALUES ('Villena');
INSERT INTO CONCE_CIUDAD (NOMBRE)
VALUES ('Novelda');
INSERT INTO CONCE_CIUDAD (NOMBRE)
VALUES ('Valencia');
INSERT INTO CONCE_CIUDAD (NOMBRE)
VALUES ('Zaragoza');

/* Insertar Concesionarios */

INSERT INTO CONCE_CONCESIONARIO (CIF, NOMBRE, CIUDAD)
VALUES (44554433, 'Fercar', 'Alicante');
INSERT INTO CONCE_CONCESIONARIO (CIF, NOMBRE, CIUDAD)
VALUES (85543123, 'Mult Car', 'Alicante');
INSERT INTO CONCE_CONCESIONARIO (CIF, NOMBRE, CIUDAD)
VALUES (77323232, 'Motor Sport', 'Murcia');
INSERT INTO CONCE_CONCESIONARIO (CIF, NOMBRE, CIUDAD)
VALUES (85643123, 'BMW Villa de campo', 'Madrid');
INSERT INTO CONCE_CONCESIONARIO (CIF, NOMBRE, CIUDAD)
VALUES (76543213, 'Todo motor', 'Madrid');
INSERT INTO CONCE_CONCESIONARIO (CIF, NOMBRE, CIUDAD)
VALUES (98654678, 'Tope Gama', 'Madrid');
INSERT INTO CONCE_CONCESIONARIO (CIF, NOMBRE, CIUDAD)
VALUES (11232123, 'BMW Barna', 'Barcelona');
INSERT INTO CONCE_CONCESIONARIO (CIF, NOMBRE, CIUDAD)
VALUES (54345432, 'Tot Turbo', 'Barcelona');
INSERT INTO CONCE_CONCESIONARIO (CIF, NOMBRE, CIUDAD)
VALUES (32323232, '4 rodes', 'Ibiza');
INSERT INTO CONCE_CONCESIONARIO (CIF, NOMBRE, CIUDAD)
VALUES (56429642, 'Grant Turismo', 'Alicante');
INSERT INTO CONCE_CONCESIONARIO (CIF, NOMBRE, CIUDAD)
VALUES (11111111, 'Móvil Begar', 'Petrer');
INSERT INTO CONCE_CONCESIONARIO (CIF, NOMBRE, CIUDAD)
VALUES (1222222, 'Automóviles Alpe', 'Petrer');


/* Insertar Marcas */

INSERT INTO CONCE_MARCA (NOMBRE, CIUDAD)
VALUES ('BMW', 'Barcelona');
INSERT INTO CONCE_MARCA (NOMBRE, CIUDAD)
VALUES ('AUDI', 'Madrid');
INSERT INTO CONCE_MARCA (NOMBRE, CIUDAD)
VALUES ('Citroen', 'Alicante');
INSERT INTO CONCE_MARCA (NOMBRE, CIUDAD)
VALUES ('Seat', 'Madrid');
INSERT INTO CONCE_MARCA (NOMBRE, CIUDAD)
VALUES ('KIA', 'Petrer');
INSERT INTO CONCE_MARCA (NOMBRE, CIUDAD)
VALUES ('Nissan', 'Valencia');
INSERT INTO CONCE_MARCA (NOMBRE, CIUDAD)
VALUES ('Renault', 'Barcelona');
INSERT INTO CONCE_MARCA (NOMBRE, CIUDAD)
VALUES ('Opel', 'Zaragoza');
INSERT INTO CONCE_MARCA (NOMBRE, CIUDAD)
VALUES ('Ford', 'Valencia');
INSERT INTO CONCE_MARCA (NOMBRE, CIUDAD)
VALUES ('Mercedes', 'Alicante');

/* Insertar Coches*/


INSERT INTO CONCE_COCHE (CODIGO, NOMBRE, MARCA)
VALUES ('BMWe86', 'BMW Serie 1', 'BMW');
INSERT INTO CONCE_COCHE (CODIGO, NOMBRE, MARCA)
VALUES ('BMWe46', 'BMW Serie 3', 'BMW');
INSERT INTO CONCE_COCHE (CODIGO, NOMBRE, MARCA)
VALUES ('BMWe34', 'BMW Serie 5', 'BMW');
INSERT INTO CONCE_COCHE (CODIGO, NOMBRE, MARCA)
VALUES ('BMWm45', 'BMW Serie 7', 'BMW');
INSERT INTO CONCE_COCHE (CODIGO, NOMBRE, MARCA)
VALUES ('BMWe87', 'BMW Serie 4', 'BMW');
INSERT INTO CONCE_COCHE (CODIGO, NOMBRE, MARCA)
VALUES ('A3', 'AUDI A3', 'AUDI');
INSERT INTO CONCE_COCHE (CODIGO, NOMBRE, MARCA)
VALUES ('A5', 'AUDI A5', 'AUDI');
INSERT INTO CONCE_COCHE (CODIGO, NOMBRE, MARCA)
VALUES ('A6Q', 'AUDI A6 QUATTRO', 'AUDI');
INSERT INTO CONCE_COCHE (CODIGO, NOMBRE, MARCA)
VALUES ('C4C', 'C4', 'Citroen');
INSERT INTO CONCE_COCHE (CODIGO, NOMBRE, MARCA)
VALUES ('C5C', 'C5', 'Citroen');
INSERT INTO CONCE_COCHE (CODIGO, NOMBRE, MARCA)
VALUES ('IBIZA', 'Ibiza', 'Seat');
INSERT INTO CONCE_COCHE (CODIGO, NOMBRE, MARCA)
VALUES ('KCEED', 'CEED', 'KIA');
INSERT INTO CONCE_COCHE (CODIGO, NOMBRE, MARCA)
VALUES ('KSPORT', 'SPORTAGE', 'KIA');
INSERT INTO CONCE_COCHE (CODIGO, NOMBRE, MARCA)
VALUES ('KRIO', 'RIO', 'KIA');
INSERT INTO CONCE_COCHE (CODIGO, NOMBRE, MARCA)
VALUES ('NISQA', 'QASQAI', 'Nissan');
INSERT INTO CONCE_COCHE (CODIGO, NOMBRE, MARCA)
VALUES ('NISPU', 'PULSAR', 'Nissan');

/* Insertar Clientes*/

INSERT INTO CONCE_CLIENTE (IDCLI, NOMBRE, APELLIDO, CIUDAD)
VALUES (24583143 , 'Álvaro', 'Naranjo', 'Monóvar');
INSERT INTO CONCE_CLIENTE (IDCLI, NOMBRE, APELLIDO, CIUDAD)
VALUES (65344533 , 'Silvia', 'Pérez', 'Elda');
INSERT INTO CONCE_CLIENTE (IDCLI, NOMBRE, APELLIDO, CIUDAD)
VALUES (44545433, 'Francisco', 'Vicedo', 'Alicante');
INSERT INTO CONCE_CLIENTE (IDCLI, NOMBRE, APELLIDO, CIUDAD)
VALUES (14123233, 'Jemima', 'García', 'Monóvar');
INSERT INTO CONCE_CLIENTE (IDCLI, NOMBRE, APELLIDO, CIUDAD)
VALUES (44567676, 'Isela', 'Guerrero', 'Madrid');
INSERT INTO CONCE_CLIENTE (IDCLI, NOMBRE, APELLIDO, CIUDAD)
VALUES (44599887, 'Pascual', 'Bazán', 'Elda');
INSERT INTO CONCE_CLIENTE (IDCLI, NOMBRE, APELLIDO, CIUDAD)
VALUES (44512333, 'David', 'Ruiz', 'Villena');
INSERT INTO CONCE_CLIENTE (IDCLI, NOMBRE, APELLIDO, CIUDAD)
VALUES (67453423, 'Álvaro', 'Alted', 'Petrer');
INSERT INTO CONCE_CLIENTE (IDCLI, NOMBRE, APELLIDO, CIUDAD)
VALUES (87643455, 'Sergio', 'Sepulcre', 'Elda');
INSERT INTO CONCE_CLIENTE (IDCLI, NOMBRE, APELLIDO, CIUDAD)
VALUES (76357844, 'Marcos', 'Vicente', 'Novelda');
INSERT INTO CONCE_CLIENTE (IDCLI, NOMBRE, APELLIDO, CIUDAD)
VALUES (76411111, 'Carlos', 'Lencina', 'Elda');
INSERT INTO CONCE_CLIENTE (IDCLI, NOMBRE, APELLIDO, CIUDAD)
VALUES (11111112, 'José Miguel', 'Martón', 'Novelda');
INSERT INTO CONCE_CLIENTE (IDCLI, NOMBRE, APELLIDO, CIUDAD)
VALUES (22222211, 'Andrés', 'Pérez', 'Madrid');
INSERT INTO CONCE_CLIENTE (IDCLI, NOMBRE, APELLIDO, CIUDAD)
VALUES (00000031, 'Jorge', 'Candel', 'Petrer');
INSERT INTO CONCE_CLIENTE (IDCLI, NOMBRE, APELLIDO, CIUDAD)
VALUES (12299999, 'Ricardo', 'Mancheño', 'Monóvar');
INSERT INTO CONCE_CLIENTE (IDCLI, NOMBRE, APELLIDO, CIUDAD)
VALUES (12345678, 'Kevin', 'Esteve', 'Elda');
INSERT INTO CONCE_CLIENTE (IDCLI, NOMBRE, APELLIDO, CIUDAD)
VALUES (98765432, 'Nacho', 'Fernández', 'Petrer');
INSERT INTO CONCE_CLIENTE (IDCLI, NOMBRE, APELLIDO, CIUDAD)
VALUES (90876542, 'Ignacio', 'Sanchis', 'Petrer');
INSERT INTO CONCE_CLIENTE (IDCLI, NOMBRE, APELLIDO, CIUDAD)
VALUES (00987619, 'Santiago', 'Amorós', 'Petrer');
INSERT INTO CONCE_CLIENTE (IDCLI, NOMBRE, APELLIDO, CIUDAD)
VALUES (23287490, 'Enrique', 'Sánchez', 'Madrid');

/*Insertar Ventas */
INSERT INTO CONCE_VENTAS (CONCESIONARIO, CLIENTE, COCHE, COLOR, FECHA)
VALUES (44554433, 24583143, 'A3', 'rojo', TO_DATE('12/07/2019','DD/MM/YYYY'));
INSERT INTO CONCE_VENTAS (CONCESIONARIO, CLIENTE, COCHE, COLOR, FECHA)
VALUES (11111111, 65344533, 'BMWe86', 'blanco', TO_DATE('21/06/2019','DD/MM/YYYY'));
INSERT INTO CONCE_VENTAS (CONCESIONARIO, CLIENTE, COCHE, COLOR, FECHA)
VALUES (11111111, 44545433, 'BMWe46', 'azul', TO_DATE('01/08/2019','DD/MM/YYYY'));
INSERT INTO CONCE_VENTAS (CONCESIONARIO, CLIENTE, COCHE, COLOR, FECHA)
VALUES (11111111, 14123233, 'BMWe34', 'blanco', TO_DATE('22/06/2019','DD/MM/YYYY'));
INSERT INTO CONCE_VENTAS (CONCESIONARIO, CLIENTE, COCHE, COLOR, FECHA)
VALUES (77323232, 44567676, 'C5C', 'negro', TO_DATE('21/06/2019','DD/MM/YYYY'));
INSERT INTO CONCE_VENTAS (CONCESIONARIO, CLIENTE, COCHE, COLOR, FECHA)
VALUES (85643123, 44545433, 'IBIZA', 'azul', TO_DATE('21/06/2019','DD/MM/YYYY'));
INSERT INTO CONCE_VENTAS (CONCESIONARIO, CLIENTE, COCHE, COLOR, FECHA)
VALUES (1222222, 44512333, 'KRIO', 'rojo', TO_DATE('01/08/2019','DD/MM/YYYY'));
INSERT INTO CONCE_VENTAS (CONCESIONARIO, CLIENTE, COCHE, COLOR, FECHA)
VALUES (1222222, 67453423, 'KRIO', 'amarillo', TO_DATE('02/08/2019','DD/MM/YYYY'));
INSERT INTO CONCE_VENTAS (CONCESIONARIO, CLIENTE, COCHE, COLOR, FECHA)
VALUES (1222222, 87643455, 'KRIO', 'rojo', TO_DATE('01/08/2019','DD/MM/YYYY'));
INSERT INTO CONCE_VENTAS (CONCESIONARIO, CLIENTE, COCHE, COLOR, FECHA)
VALUES (1222222, 76357844, 'KRIO', 'blanco', TO_DATE('02/08/2019','DD/MM/YYYY'));
INSERT INTO CONCE_VENTAS (CONCESIONARIO, CLIENTE, COCHE, COLOR, FECHA)
VALUES (11111111, 76411111, 'BMWe86', 'negro', TO_DATE('01/08/2019','DD/MM/YYYY'));
INSERT INTO CONCE_VENTAS (CONCESIONARIO, CLIENTE, COCHE, COLOR, FECHA)
VALUES (56429642, 11111112, 'IBIZA', 'azul', TO_DATE('02/08/2019','DD/MM/YYYY'));
INSERT INTO CONCE_VENTAS (CONCESIONARIO, CLIENTE, COCHE, COLOR, FECHA)
VALUES (85543123, 22222211, 'KCEED', 'azul', TO_DATE('01/08/2019','DD/MM/YYYY'));
INSERT INTO CONCE_VENTAS (CONCESIONARIO, CLIENTE, COCHE, COLOR, FECHA)
VALUES (1222222, 00000031, 'KSPORT', 'negro', TO_DATE('02/08/2019','DD/MM/YYYY'));
INSERT INTO CONCE_VENTAS (CONCESIONARIO, CLIENTE, COCHE, COLOR, FECHA)
VALUES (1222222, 12299999, 'KRIO', 'blanco', TO_DATE('03/08/2019','DD/MM/YYYY'));
INSERT INTO CONCE_VENTAS (CONCESIONARIO, CLIENTE, COCHE, COLOR, FECHA)
VALUES (77323232, 12345678, 'NISQA', 'blanco', TO_DATE('03/08/2019','DD/MM/YYYY'));
INSERT INTO CONCE_VENTAS (CONCESIONARIO, CLIENTE, COCHE, COLOR, FECHA)
VALUES (85643123, 98765432, 'NISPU', 'gris', TO_DATE('03/08/2019','DD/MM/YYYY'));
INSERT INTO CONCE_VENTAS (CONCESIONARIO, CLIENTE, COCHE, COLOR, FECHA)
VALUES (11111111, 90876542, 'BMWe86', 'gris', TO_DATE('16/08/2019','DD/MM/YYYY'));
INSERT INTO CONCE_VENTAS (CONCESIONARIO, CLIENTE, COCHE, COLOR, FECHA)
VALUES (85543123, 00987619, 'IBIZA', 'rojo', TO_DATE('16/08/2019','DD/MM/YYYY'));
INSERT INTO CONCE_VENTAS (CONCESIONARIO, CLIENTE, COCHE, COLOR, FECHA)
VALUES (1222222, 23287490, 'KCEED', 'blanco', TO_DATE('15/09/2019','DD/MM/YYYY'));
INSERT INTO CONCE_VENTAS (CONCESIONARIO, CLIENTE, COCHE, COLOR, FECHA)
VALUES (1222222, 44545433, 'KSPORT', 'azul', TO_DATE('15/09/2019','DD/MM/YYYY'));
INSERT INTO CONCE_VENTAS (CONCESIONARIO, CLIENTE, COCHE, COLOR, FECHA)
VALUES (32323232, 00987619, 'IBIZA', 'blanco', TO_DATE('16/09/2019','DD/MM/YYYY'));
INSERT INTO CONCE_VENTAS (CONCESIONARIO, CLIENTE, COCHE, COLOR, FECHA)
VALUES (11111111, 00987619, 'BMWe86', 'negro', TO_DATE('20/09/2019','DD/MM/YYYY'));
INSERT INTO CONCE_VENTAS (CONCESIONARIO, CLIENTE, COCHE, COLOR, FECHA)
VALUES (1222222, 76411111, 'KRIO', 'blanco', TO_DATE('22/09/2019','DD/MM/YYYY'));
INSERT INTO CONCE_VENTAS (CONCESIONARIO, CLIENTE, COCHE, COLOR, FECHA)
VALUES (85543123, 65344533, 'NISQA', 'blanco', TO_DATE('30/09/2019','DD/MM/YYYY'));
INSERT INTO CONCE_VENTAS (CONCESIONARIO, CLIENTE, COCHE, COLOR, FECHA)
VALUES (1222222, 44545433, 'KRIO', 'gris', TO_DATE('27/10/2019','DD/MM/YYYY'));
INSERT INTO CONCE_VENTAS (CONCESIONARIO, CLIENTE, COCHE, COLOR, FECHA)
VALUES (54345432, 24583143, 'A3', 'gris', TO_DATE('28/10/2019','DD/MM/YYYY'));
INSERT INTO CONCE_VENTAS (CONCESIONARIO, CLIENTE, COCHE, COLOR, FECHA)
VALUES (54345432, 65344533, 'A5', 'negro', TO_DATE('29/10/2019','DD/MM/YYYY'));
INSERT INTO CONCE_VENTAS (CONCESIONARIO, CLIENTE, COCHE, COLOR, FECHA)
VALUES (54345432, 12345678, 'A3', 'azul', TO_DATE('20/12/2019','DD/MM/YYYY'));

/*Insertar Distribución */

INSERT INTO CONCE_DISTRIBUCION (CONCESIONARIO, COCHE, CANTIDAD)
VALUES (44554433, 'A3', 4);
INSERT INTO CONCE_DISTRIBUCION (CONCESIONARIO, COCHE, CANTIDAD)
VALUES (11111111, 'BMWe86', 10);
INSERT INTO CONCE_DISTRIBUCION (CONCESIONARIO, COCHE, CANTIDAD)
VALUES (11111111, 'BMWe46', 11);
INSERT INTO CONCE_DISTRIBUCION (CONCESIONARIO, COCHE, CANTIDAD)
VALUES (11111111, 'BMWe34', 5);
INSERT INTO CONCE_DISTRIBUCION (CONCESIONARIO, COCHE, CANTIDAD)
VALUES (77323232, 'C5C', 7);
INSERT INTO CONCE_DISTRIBUCION (CONCESIONARIO, COCHE, CANTIDAD)
VALUES (85643123, 'IBIZA', 6);
INSERT INTO CONCE_DISTRIBUCION (CONCESIONARIO, COCHE, CANTIDAD)
VALUES (1222222, 'KRIO', 25);
INSERT INTO CONCE_DISTRIBUCION (CONCESIONARIO, COCHE, CANTIDAD)
VALUES (56429642, 'IBIZA', 8);
INSERT INTO CONCE_DISTRIBUCION (CONCESIONARIO, COCHE, CANTIDAD)
VALUES (85543123, 'KCEED', 9);
INSERT INTO CONCE_DISTRIBUCION (CONCESIONARIO, COCHE, CANTIDAD)
VALUES (1222222, 'KSPORT', 12);
INSERT INTO CONCE_DISTRIBUCION (CONCESIONARIO, COCHE, CANTIDAD)
VALUES (77323232, 'NISQA', 6);
INSERT INTO CONCE_DISTRIBUCION (CONCESIONARIO, COCHE, CANTIDAD)
VALUES (85643123, 'NISPU', 8);
INSERT INTO CONCE_DISTRIBUCION (CONCESIONARIO, COCHE, CANTIDAD)
VALUES (1222222, 'KCEED', 14);
INSERT INTO CONCE_DISTRIBUCION (CONCESIONARIO, COCHE, CANTIDAD)
VALUES (32323232, 'IBIZA', 17);
INSERT INTO CONCE_DISTRIBUCION (CONCESIONARIO, COCHE, CANTIDAD)
VALUES (85543123, 'NISQA', 5);
INSERT INTO CONCE_DISTRIBUCION (CONCESIONARIO, COCHE, CANTIDAD)
VALUES (54345432, 'A3', 9);
INSERT INTO CONCE_DISTRIBUCION (CONCESIONARIO, COCHE, CANTIDAD)
VALUES (54345432, 'A5', 3);

/*
i) Todos los coches de modelo BMWe86, deberán cambiarse a BMWs1,
los BMWe46 por BMWs3 y los BMWe34 por BMWs5, además de
propagar dichos cambios. En principio para realizar estos cambios se deberá hacer lo siguiente:
1) Insertamos los registros con las nuevas claves.
*/

INSERT INTO CONCE_COCHE (CODIGO, NOMBRE, MARCA)
VALUES ('BMWs1', 'BMW Serie 1', 'BMW');
INSERT INTO CONCE_COCHE (CODIGO, NOMBRE, MARCA)
VALUES ('BMWs3', 'BMW Serie 3', 'BMW');
INSERT INTO CONCE_COCHE (CODIGO, NOMBRE, MARCA)
VALUES ('BMWs5', 'BMW Serie 5', 'BMW');

/*
2) Modificamos los registros que se vean afectados por estas
claves primarias, es decir, hacemos update de todos los datos
que tengan estas claves en el resto de tablas.
*/

/*Primero la tabla CONCE_VENTAS */

UPDATE CONCE_VENTAS SET COCHE = 'BMWs1' WHERE COCHE='BMWe86';
UPDATE CONCE_VENTAS SET COCHE = 'BMWs3' WHERE COCHE='BMWe46';
UPDATE CONCE_VENTAS SET COCHE = 'BMWs5' WHERE COCHE='BMWe34';

/*Y después la tabla CONCE_DISTRIBUCION */

UPDATE CONCE_DISTRIBUCION SET COCHE = 'BMWs1' WHERE COCHE='BMWe86';
UPDATE CONCE_DISTRIBUCION SET COCHE = 'BMWs3' WHERE COCHE='BMWe46';
UPDATE CONCE_DISTRIBUCION SET COCHE = 'BMWs5' WHERE COCHE='BMWe34';

/*
3) Borramos los registros de los modelos que ya no se van a usar
(BMWe86, BMWe46, BMWe34). 
*/

/* Los eliminamos de la tabla CONCE_COCHE */

DELETE FROM CONCE_COCHE WHERE CODIGO = 'BMWe86';
DELETE FROM CONCE_COCHE WHERE CODIGO = 'BMWe46';
DELETE FROM CONCE_COCHE WHERE CODIGO = 'BMWe34';

/*
ii) Cambia al cliente Pascual porque ha habido una confusión y no vive
en Elda, sino que vive en Petrer.
*/


UPDATE CONCE_CLIENTE SET CIUDAD = 'Petrer'
WHERE NOMBRE = 'Pascual' AND CIUDAD = 'Elda';

/* 
iii) Álvaro Naranjo es en realidad Álvaro Cano y Santiago Amorós es en
realidad Santiago Naranjo, la persona que introdujo los datos no tenía
un buen día.
*/

UPDATE CONCE_CLIENTE SET APELLIDO = 'Cano'
WHERE NOMBRE='Álvaro' AND APELLIDO = 'Naranjo';

UPDATE CONCE_CLIENTE SET APELLIDO = 'Naranjo'
WHERE NOMBRE='Santiago' AND APELLIDO = 'Amorós';

/*
iv) La cantidad de coches A3 para el concesionario 54345432 es errónea
y se deberá aumentar en 8 unidades más (no hace falta que calcules
la suma, puedes usarla en el UPDATE).
*/

UPDATE CONCE_DISTRIBUCION SET CANTIDAD = CANTIDAD + 8
WHERE CONCESIONARIO = '54345432' AND COCHE = 'A3';

/*
v) El cliente 00987619 se ha arrepentido de comprar el IBIZA, así que
borra el registro.   

El cliente ha comprado 2 IBIZAS uno rojo y otro rojo, por lo tanto se borra la venta de los 2 
*/


DELETE FROM CONCE_VENTAS WHERE CLIENTE = '00987619' and coche = 'IBIZA';


/* 
vi) Ignacio Sanchis pide darse de baja de nuestra base de datos. ¿puede?

Eliminarlo de la base de datos, implica eliminarno también del resto de tablas donde aparezca (Ventas, etc)
Es mejor añadir una columna a la tabla CONCE_CLIENTE, denominada ACTIVO con dos posibles valores S y N
Para aquellos clientes que se quieran dar de baja de la base de datos, actualizamos el campo a "S"
*/

/*
Creación del campo ACTIVO por defecto es 'S' (activo) y valor no nulo
y restricción para que el campo solo pueda tener los valore 'S' y 'N'
*/
ALTER TABLE CONCE_CLIENTE ADD ACTIVO CHAR(1) DEFAULT 'S' NOT NULL;
ALTER TABLE CONCE_CLIENTE ADD CONSTRAINTS 
CK_CONCE_CLIENTES_ACTIVO CHECK (ACTIVO IN('S', 'N'));

/*Actualizamos el estado del cliente a NO ACTIVO*/
UPDATE CONCE_CLIENTE SET ACTIVO ='N' 
WHERE NOMBRE='Ignacio' AND APELLIDO='Sanchis';

/*
vii) El concesionario FERCAR ha quebrado y deberemos eliminarlo de la
base de datos. ¿se puede?

Ocurre lo mismo que el caso del cliente, lo mejor es crear un campo en la tabla CONCE_CONCESIONARIO
denominado ACTIVO, con el mismo comportamiento que el creado en la tabla CONCE_CLIENTE.
*/
ALTER TABLE CONCE_CONCESIONARIO ADD ACTIVO CHAR(1) DEFAULT 'S' NOT NULL;
ALTER TABLE CONCE_CONCESIONARIO ADD CONSTRAINTS 
CK_CONCE_CONCESIONARIO_ACTIVO CHECK (ACTIVO IN('S', 'N'));

/*Actualizamos el estado del concesionario a NO ACTIVO*/
UPDATE CONCE_CONCESIONARIO SET ACTIVO ='N' 
WHERE NOMBRE='Fercar';

/*
viii) Modifica el precio base para todos los coches BMW para que sea
21000, SEAT para que sea 15000, AUDI 25000, Citroen 1000, Nissan
18000 y Kia 5000.
*/


UPDATE CONCE_COCHE SET PRECIO_BASE = 21000.00 WHERE MARCA = 'BMW';
UPDATE CONCE_COCHE SET PRECIO_BASE = 15000.00 WHERE MARCA = 'Seat';
UPDATE CONCE_COCHE SET PRECIO_BASE = 25000.00 WHERE MARCA = 'AUDI';
UPDATE CONCE_COCHE SET PRECIO_BASE = 1000.00 WHERE MARCA = 'Citroen';
UPDATE CONCE_COCHE SET PRECIO_BASE = 18000.00 WHERE MARCA = 'Nissan';
UPDATE CONCE_COCHE SET PRECIO_BASE = 5000.00 WHERE MARCA = 'KIA';

